family,outcome,model,n,estimate,ci_low,ci_high,p_value_raw
subgroup_ancova,HbA1c_post,IPTW_hispanic_group_Hispanic,248,-0.3434373474575714,-0.42045110116681056,-0.2664235937483322,2.3212134983575038e-18
subgroup_ancova,HbA1c_post,IPTW_race3_All_Other,72,-0.20332106433628996,-0.36122446878014813,-0.04541765989243182,0.011610927818542819
subgroup_ancova,HbA1c_post,IPTW_race3_Black,66,-0.43614459324398536,-0.6227181660878359,-0.24957102040013476,4.609835059903424e-06
subgroup_ancova,HbA1c_post,IPTW_race3_White,110,-0.4071443570159508,-0.5257359191923812,-0.2885527948395204,1.7082990868251824e-11
